dataset,original_id,original_model,original_text,text_length,word_count,humanized_text
arxiv_chatGPT,3603,gpt-3.5-turbo,"In this work, we present a novel approach to the computation of Faithful Effective-One-Body (EOB) waveforms of small-mass-ratio coalescing black-hole binaries. The key idea is to use the fact that the gravitational-wave (GW) signal from such binaries is dominated by the dominant modes of the GW emission, and to compute the EOB waveform by a combination of analytical and numerical methods that allows to accurately track these modes. 

Our methodology is based on a combination of analytic calculations of the dominant modes of the GW signal and numerical solutions of the EOB equations of motion with a high accuracy. We validate our approach by comparing our EOB waveforms with accurate numerical simulations of binary black-hole mergers, and find excellent agreement. 

Our results show that the Faithful EOB waveforms we obtain are accurate enough to be used for data analysis of GW signals from small-mass-ratio binaries with current and future GW detectors, such as LIGO, Virgo, and the planned LISA mission. Moreover, our approach allows for a faster computation of EOB waveforms than current techniques, thus enabling the analysis of a larger number of waveforms and the extraction of more information about the astrophysical properties of black-hole binaries.

The motivation for this research is to provide accurate and computationally efficient methods for the analysis of GW signals from small-mass-ratio binary black-hole mergers, which are expected to be detected with increasing sensitivity in the near future. Our approach may lead to new discoveries about the nature and properties of black holes and their astrophysical environments.",1653,253,"In this paper, we introduce a new method for generating highly accurate Effective-One-Body (EOB) waveforms for binary black hole mergers involving small mass ratios. The central idea is that the gravitational-wave signals from such systems are primarily governed by their dominant emission modes. To accurately model these modes, we combine analytical calculations with numerical approaches, allowing us to closely follow the key features of the waveform throughout the merger process. Our technique involves combining detailed analytical expressions for the main gravitational-wave modes with precise numerical solutions to the EOB equations of motion. We verify the accuracy of our waveforms by comparing them against high-fidelity numerical simulations of binary black hole coalescences, observing very strong agreement. These findings demonstrate that the EOB waveforms produced through our method are sufficiently accurate for gravitational-wave data analysis, especially for small-mass-ratio systems detectable by existing and upcoming observatories like LIGO, Virgo, and LISA. Besides, our approach enables faster waveform computations compared to existing methods, making it feasible to analyze larger data sets and gain deeper insights into the astrophysical nature of black hole binaries. The driving motivation behind this work is to develop methods that are both precise and computationally efficient for studying gravitational waves from small-mass-ratio mergers, which are anticipated to be observed with greater sensitivity in the near future. Our approach has the potential to reveal new knowledge about black hole characteristics and their surrounding environments."
arxiv_chatGPT,2381,gpt-3.5-turbo,"We present our work on pairing based cooling of Fermi gases. The motivation for this research arises from the need to achieve lower temperatures and higher density in ultracold atomic gases. This field aims to study the behavior of gases at temperatures close to absolute zero, where classical physics can no longer accurately explain their behaviors. Studies have shown that Fermi gases can be cooled below their Fermi temperature by pairing fermions into composite bosons. 

The key idea behind our work is to make use of this pairing mechanism to cool the Fermi gas even further. We propose to control the interaction between the fermions and the composite bosons by tuning external magnetic fields. Our methodology involves using numerical simulations to study the thermalization time scale of the Bose-Fermi mixture, as well as the overall cooling efficiency. 

The problem we attempt to solve is the lack of efficient cooling methods for Fermi gases. Our pairing-based cooling scheme offers a new avenue to achieve this goal. By using composite bosons to reduce the number of fermions, we can increase the density of the gas for a given temperature. Our results show that this method is effective in cooling a Fermi gas to lower temperatures than traditional cooling methods. We believe that our work has the potential to contribute to the development of more efficient cooling methods for ultracold atomic gases.",1419,229,"In our recent work, we explore a cooling technique for Fermi gases based on pairing phenomena. The motivation behind this project stems from the challenge of reaching even lower temperatures and higher densities in ultracold atomic gases. These systems are fascinating because, near absolute zero, their behaviors can't be fully explained by classical physics. Research has indicated that Fermi gases can be cooled below their Fermi temperature by pairing individual fermions into composite bosons, opening new possibilities for cooling techniques. Our core idea is to use this pairing process to push the cooling further. We aim to control the interactions between fermions and the resulting composite bosons by adjusting external magnetic fields. To do this, we use numerical simulations to analyze how quickly the system thermalizes and how efficiently it cools overall. One of the main problems we want to address is the lack of effective cooling methods for Fermi gases. Our pairing-based approach offers a promising new route. By encouraging fermions to pair up and form bosons, we effectively reduce the number of free fermions and thus increase the gas's density at a given temperature. Our findings suggest that this method can cool Fermi gases to temperatures lower than those achievable with traditional cooling techniques. We believe our work could help develop more efficient ways to cool ultracold atomic gases in the future."
arxiv_chatGPT,3635,gpt-3.5-turbo,"In this study, we explore constraints on the abundance of highly ionized proto-cluster regions by examining the absence of large voids in the Lyman Alpha forest. Proto-cluster regions, or regions of high-density gas that are the precursors of galaxy clusters, have been proposed as potential sources of ionizing radiation that can reionize the intergalactic medium. However, their abundance and contribution to reionization remain uncertain. 

Using a large sample of high-resolution Lyman Alpha forest spectra from the Keck telescopes, we measure the sizes of voids in the forest and compare them with theoretical predictions based on different assumptions for the properties of proto-clusters. Our results indicate that the abundance of highly ionized proto-cluster regions cannot be too large, and must be consistent with current estimates from simulations and observations. We also find that the sizes of voids in the forest are sensitive to the density contrast of proto-clusters, suggesting that future observations of void sizes can provide valuable constraints on the properties of these elusive objects.

Our methodology involves a careful analysis of the Lyman Alpha forest data, including the identification and measurement of voids using state-of-the-art algorithms. We also use Monte Carlo simulations to test the statistical significance of our results and the robustness of our conclusions. Overall, our study provides a new and valuable perspective on the role of proto-cluster regions in reionizing the Universe, and highlights the importance of combining observational and theoretical approaches to address fundamental questions in cosmology.",1660,242,"In this research, we investigate limits on how common highly ionized proto-cluster regions are by looking at why we don't see large voids in the Lyman Alpha forest. These proto-clusters, which are dense gas regions that eventually form galaxy clusters, have been suggested as potential sources of ionizing radiation capable of reionizing the intergalactic medium. Still, their abundance and their role in reionization remain uncertain topics. Using a large set of high-resolution Lyman Alpha forest spectra from the Keck telescopes, we measure the sizes of the voids and compare these observations with theoretical models based on different assumptions about proto-cluster properties. Our findings suggest that highly ionized proto-cluster regions cannot be overly common and must align with existing estimates from simulations and observations. Also, the sizes of these voids appear to depend on the density contrast of proto-clusters, implying that future measurements of void sizes could help better constrain the characteristics of these elusive structures. Our approach involves a detailed analysis of the Lyman Alpha forest data, including advanced algorithms to identify and measure voids. We also perform Monte Carlo simulations to assess the statistical significance and robustness of our results. Overall, this study offers new insights into the part proto-cluster regions play in reionization and emphasizes the importance of integrating observational data with theoretical models to advance our understanding of the universe's evolution."
arxiv_chatGPT,503,gpt-3.5-turbo,"In this study, we investigated the origin of the dichotomy of early-type galaxies, particularly the role of dry mergers and AGN feedback in shaping their stellar populations and morphologies. Our findings reveal that galaxies that have undergone dry mergers and those that have been affected by AGN feedback occupy different regions in the color-magnitude diagram, indicating distinct evolutionary paths. Dry merging results in redder and more massive galaxies with older stellar populations, while AGN feedback leads to bluer and lower mass systems with younger stars. 
We also find that AGN activity plays a significant role in the formation of the innermost regions of early-type galaxies, particularly the presence of the central black hole and its interactions with the surrounding gas. Moreover, we detect a correlation between the mass of the central black hole and the velocity dispersion of the host galaxy, suggesting a possible coevolutionary process. 
The motivation for this work stems from the need to understand the diversity of early-type galaxies and to unveil the physical mechanisms responsible for their observed properties. Our results contribute to the ongoing efforts to establish a comprehensive picture of galaxy evolution, shedding light on the intricate interplay between galaxy mergers, AGN activity, and star formation in the early universe.",1370,206,"In this study, we explored what causes the differences among early-type galaxies, focusing on how dry mergers and active galactic nucleus (AGN) feedback influence their stellar make-up and shapes. Our results show that galaxies that have experienced dry mergers tend to be redder, more massive, and host older stars, while those affected by AGN feedback are generally bluer, less massive, and contain younger stellar populations. Also, we found that AGN activity considerably impacts the central regions of these galaxies, especially through interactions between the central black hole and the surrounding gas. There's also a notable link between the black hole's mass and the galaxy's velocity dispersion, hinting at a shared evolution path. The motivation behind this research is to better understand why early-type galaxies display such a wide variety of properties and to reveal the physical processes driving these differences. Our work adds to the bigger picture of galaxy evolution, emphasizing how mergers, AGN activity, and star formation in the early universe work together to shape these remarkable systems."
arxiv_chatGPT,5011,gpt-3.5-turbo,"In this work, we report the discovery of high-velocity outflows in massive post-starburst galaxies at a redshift of 0.6. These outflows reach speeds of up to 1000 km/s and are thought to be driven by intense star formation and the growth of central black holes. 

These outflows are important as they can have a significant impact on the evolution of galaxies by regulating the amount of gas available for star formation and enriching the intergalactic medium with heavy elements. However, the detection of such outflows and their contribution to galactic evolution is challenging due to their short-lived nature and complex kinematics.

Using observations from the Multi-Unit Spectroscopic Explorer (MUSE) at the Very Large Telescope, we study a sample of post-starburst galaxies and identify high-velocity outflows in approximately half of our sample. We analyze the kinematics and energetics of these outflows and find that they are consistent with being driven by intense star formation activity.

Our findings have important implications for our understanding of galaxy evolution, as they suggest that these outflows may be a common feature of post-starburst galaxies at high redshifts and may play a significant role in regulating the growth and activity of massive galaxies.",1281,197,"In this study, we have identified the presence of fast-moving outflows in massive galaxies that recently stopped forming stars, situated at a redshift of 0.6. These outflows can reach speeds of up to 1000 km/s and are believed to be driven by vigorous star formation and the accretion activity of central black holes. Recognizing these outflows is essential because they can greatly influence galaxy evolution by controlling the gas reservoir needed for new star formation and by dispersing heavy elements into the surrounding intergalactic medium. Nevertheless, detecting such outflows and assessing their role in galaxy evolution remains difficult due to their transient nature and complex movement patterns. Using data from the Multi-Unit Spectroscopic Explorer (MUSE) instrument on the Very Large Telescope, we examined a sample of post-starburst galaxies and discovered high-velocity outflows in roughly half of them. Our analysis of their movement and energy output suggests they are likely propelled by intense star formation activity. These results have meaningful implications for how we understand galaxy growth, indicating that such outflows could be a common characteristic of post-starburst galaxies at higher redshifts and might play a key role in regulating the growth and activity of massive galaxies."
arxiv_chatGPT,2235,gpt-3.5-turbo,"We present a novel approach to the problem of finding exact solutions to the equations of motion in gravity. Our method introduces a family of parameterized nonholonomic frame transforms, which enable a systematic and efficient exploration of the space of possible solutions. We demonstrate the power of our approach by considering several examples, including static spherically symmetric configurations, geodesic motion around a black hole, and gravitational waves. In all cases, we are able to derive exact solutions that are not only new, but also physically interesting and relevant to current astrophysical observations. Moreover, we show that our framework provides a natural language to describe non-trivial transformation properties of the solutions, which can shed light on the nature and symmetries of the underlying physical system. Our motivation for this research stems from the desire to understand the fundamental principles underlying gravity and to find new ways to test Einstein's theory in the most extreme regimes. By providing a powerful tool for generating exact solutions, our work offers a promising avenue for future investigations into the behavior of gravity in the presence of strong gravitational fields and in cosmological contexts.",1262,188,"In this work, we introduce a new method for obtaining exact solutions to the equations governing gravity. Our approach revolves around a set of parameter-dependent nonholonomic frame transformations, which assist a structured and efficient way to explore the environment of possible solutions. We display the effectiveness of this method through various examples, such as static, spherically symmetric spacetime setups, paths of particles moving around black holes, and gravitational wave phenomena. In each case, we successfully derive solutions that are not only novel but also hold major physical relevance, aligning with current astrophysical observations. Also, our framework offers a natural language for describing the complex transformation behaviors of these solutions, helping us better understand the underlying symmetries and properties of the gravitational system. The motivation behind this research stems from a desire to deepen our understanding of the core principles of gravity and to develop new ways to test Einstein’s theory under extreme conditions. By providing a strong tool for generating exact solutions, we open up new possibilities for future studies into strong-field gravity and cosmology."
arxiv_chatGPT,2823,gpt-3.5-turbo,"In this paper, we present a study on the design of a Slide-o-Cam Transmission, which aims to provide a solution to the problem of limited torque control in traditional transmissions. Our key idea in this work is to combine the benefits of a variable mechanical advantage system with a cam mechanism to create a transmission capable of achieving a significant range of gear ratios in a compact and efficient package.

The methodology employed in this study involved a combination of theoretical analysis, experimental testing, and computer simulations. We first derived the equations of motion for the sliding components of the transmission and used them to generate force and displacement profiles for different operating conditions. We then built a prototype transmission and tested it under various loads and speeds to validate the theoretical predictions and identify areas for improvement. Finally, we developed a simulation model of the transmission using Matlab/Simulink to allow for more detailed analysis of the system performance.

Our results demonstrate the effectiveness of the Slide-o-Cam Transmission in achieving high torque control in a compact, lightweight package. The transmission was found to have a wide range of gear ratios, high efficiency, and excellent load-carrying capacity, making it suitable for use in a variety of applications. The study also provides insights into the design considerations for implementing such a transmission, including the need for careful selection of materials and optimization of the cam profile. Overall, our work contributes to the body of knowledge in the area of mechanical engineering and has practical applications in the development of innovative transmission systems.",1730,260,"In this paper, we explore the design of a Slide-o-Cam Transmission, focusing on addressing the challenge of limited torque control found in conventional transmission systems. Our primary goal was to combine the advantages of a variable mechanical advantage mechanism with a cam-based system to develop a compact and efficient transmission capable of offering a broad scope of gear ratios. To achieve this, we employed a method that integrated theoretical calculations, hands-on testing, and computer simulations. Initially, we formulated the equations governing the motion of the sliding parts within the transmission, which allowed us to predict the force and displacement patterns across different operating conditions. Following this, we constructed a prototype and subjected it to various load and speed tests to verify our theoretical models and identify potential improvements. To deepen our analysis, we created a detailed simulation of the system using Matlab/Simulink, enabling us to study its performance more thoroughly. The results clearly show that the Slide-o-Cam Transmission is effective in providing high torque control within a lightweight, space-saving design. It offers a wide range of gear ratios, maintains high efficiency, and can handle substantial loads, making it suitable for diverse applications. Besides, the study offers valuable insights into key design considerations, such as material choice and cam profile optimization, which are essential for successful implementation. Overall, our research adds to the growing knowledge in mechanical engineering and opens up new possibilities for developing innovative transmission solutions."
arxiv_chatGPT,4227,gpt-3.5-turbo,"In this study, we present new evidence of recent feedback energy release in the cores of two elliptical galaxies based on Spitzer observations of the transient, extended dust. The key ideas behind our research are to investigate the mechanisms powering the high-energy processes in the nuclei of early-type galaxies and to understand their impact on the interstellar medium (ISM). The methodology employed in this work involves the analysis of imaging and spectroscopic data obtained with the Infrared Spectrograph (IRS) instrument on board the Spitzer Space Telescope. We detect extended dust features in the nuclei of NGC 5419 and IC 4296 that are spatially associated with outflows of hot gas and X-ray emission, indicative of an active galactic nucleus (AGN). Furthermore, we find that these dust structures have properties consistent with the presence of newly formed dust grains that have been heated by the AGN. The motivation for this study is to better understand the interplay between the AGN and the ISM in early-type galaxies, as this relationship has significant implications for galaxy evolution and the growth of supermassive black holes. Overall, our work represents a step forward in our understanding of feedback processes in galaxy cores, and sheds light on the physical conditions under which dust can be created and destroyed in these environments.",1369,214,"This research introduces new evidence pointing to recent releases of feedback energy within the cores of two elliptical galaxies, derived from Spitzer observations of transient, extended dust structures. Our main goal was to explore how energetic processes are fueled in the centers of early-type galaxies and to examine how these processes influence the surrounding interstellar medium (ISM). To do this, we analyzed imaging and spectroscopic data collected with the Infrared Spectrograph (IRS) on the Spitzer Space Telescope. In particular, we identified extended dust features at the centers of NGC 5419 and IC 4296, which are spatially linked to hot gas outflows and X-ray emission—clear signs of active galactic nuclei (AGN). We also found that these dust features display characteristics consistent with newly formed dust grains heated by the AGN’s activity. The motivation behind our study was to better understand how the AGN interacts with the ISM in early-type galaxies, knowledge that is important for understanding galaxy evolution and the growth of supermassive black holes. Overall, our findings add to the growing understanding of feedback mechanisms in galaxy centers and provide insight into the physical conditions that allow dust to form and be destroyed in these extreme environments."
arxiv_chatGPT,817,gpt-3.5-turbo,"In this study, we present the results of Hubble Space Telescope/Advanced Camera for Surveys (HST/ACS) coronagraphic observations of the dust surrounding HD 100546. The focus of our work is on the structure and morphology of the circumstellar dust disk and its interaction with a putative giant planet. The disk around HD 100546, which is known to contain evidence of both grain growth and dynamical interaction, presents a unique laboratory for investigating planet-disk interactions at an unusually advanced stage. Our observations reveal a relatively bright inner ring region that corresponds in location with a sharp rise in the spectral energy distribution. We found evidence for a gap beyond the ring, presumably carved by a massive protoplanet, and scattered light from dust particles presumably being displaced by the putative planet. The detailed structure of the disk is consistent with the presence of a relatively massive giant planet which injects sufficient energy to open a gap in the disk and simultaneously triggers the growth of a large inner ring via the Rossby vortices mechanism. Our findings suggest that HD 100546 represents a benchmark system to understand the formation and evolution of young Jupiter-like planets.",1238,191,"In this paper, we share the findings from Hubble Space Telescope's Advanced Camera for Surveys (HST/ACS) coronagraphic imaging of the dust environment around HD 100546. Our main focus is on understanding the shape and features of the disk of material surrounding the star, and how it interacts with a suspected giant planet. The disk around HD 100546 is particularly compelling because it shows signs of both grain growth and energetic activity, making it an excellent case study for examining how planets and disks influence each other at a relatively mature stage. Our images show a bright inner ring that lines up with a noticeable increase in the star’s spectral energy distribution. We also detected a gap beyond this ring, which we believe is likely carved out by a massive forming planet. Besides, we see scattered light from dust particles that seem to be displaced by this potential planet. The complex structure of the disk fits with the idea that a relatively large planet exists there, providing enough energy to clear a gap in the disk and possibly promoting the formation of a large inner ring through the Rossby vortices mechanism. Overall, HD 100546 stands out as a key system for studying how young, Jupiter-like planets form and evolve."
arxiv_chatGPT,5159,gpt-3.5-turbo,"In this study, we report the first CO J=6-5 and 4-3 detections in nearby ultra-luminous infrared galaxies (ULIRGs), with a focus on the dense gas in Mrk231. Using the Atacama Large Millimeter/submillimeter Array (ALMA), we traced these molecular transitions in the central region of Mrk231, where we found evidence of an extremely dense, compact molecular gas structure. Our proposed models suggest that the observed CO emission arises from high-density gas associated with the central engine rather than a rotating disk, as typically seen in lower-luminosity systems.

Our work aims to shed light on the gas kinematics in ultra-luminous star-forming galaxies, which are key systems in the formation and evolution of galaxies through cosmic time. Our results suggest that the dense gas reservoir in Mrk231 is limited, and that the cooling rate is not sufficient to meet the observed high star-formation rate. Therefore, the cooling budget may be supplemented by other mechanisms, such as feedback from the active galactic nucleus. A key outcome of our study is that strong nuclear heating may be required in some ultra-luminous galaxies to offset the high cooling rate of their dense gas reservoirs and explain their ultraluminous infrared properties. Our findings have important implications for our understanding of the interplay between star formation and black hole activity in galaxy evolution.",1399,215,"In this research, we present the first detections of CO J=6-5 and 4-3 lines in nearby ultra-luminous infrared galaxies (ULIRGs), focusing specifically on the dense gas component in Mrk 231. Using the Atacama Large Millimeter/submillimeter Array (ALMA), we examined these molecular transitions within the galaxy's central region, discovering evidence of an extremely dense and compact molecular gas structure. Our models indicate that the CO emission observed likely originates from high-density gas situated near the galaxy’s core, rather than from a rotating disk—which is commonly seen in less luminous systems. The goal of our study is to better understand the movement and behavior of gas in ULIRGs, which are essential to understanding galaxy formation and evolution over cosmic history. Our findings suggest that Mrk 231 has a relatively limited reservoir of dense gas, and that its cooling processes are insufficient to sustain its very high star formation rate. This implies that other mechanisms, possibly including feedback from the active galactic nucleus (AGN), may be supplementing the cooling. A major conclusion from our work is that intense nuclear heating might be necessary in some ULIRGs to counteract the fast cooling of dense gas, thus helping to explain their extreme infrared luminosity. Overall, these results have important implications for understanding how star formation and black hole activity influence galaxy evolution."